actual_position,RB,RWB,RM,RWF,RF,RCB,RDM,RCM,RAM,RCF,CB,CDM,CM,CAM,CF,LCB,LDM,LCM,LAM,LCF,LB,LWB,LM,LWF,LF
Center Attacking Midfield,0.0175489169475174,0.025805050033927954,0.0342195972896643,0.040307010333039926,0.04090648909526349,0.02149589883807239,0.03321451237823331,0.04579969728802038,0.054295978645026305,0.05433045611200332,0.024362863311795966,0.038263274322723397,0.052233756887426215,0.06209592651950085,0.06162970614639973,0.02289115500682596,0.036033326660853376,0.04910346329146069,0.05754773642465852,0.056691016852685495,0.018960750747728343,0.02809705234251165,0.03735102069180834,0.043188222782401794,0.043627121050449774
Center Back,0.049257114131116296,0.03835746675126069,0.026031316444798537,0.01691038863535065,0.011290059392635356,0.09829453152052367,0.07501049126303845,0.0493713013973913,0.031219100822205654,0.019412176147585353,0.12147589651997857,0.08518133818799949,0.05217421742660219,0.032569738185204346,0.02076986821161898,0.07174764940923278,0.05253617823224615,0.03459650600023999,0.022777614067309826,0.014944309356093102,0.02556003640759476,0.020268359521863802,0.014096860278111996,0.009659921902685243,0.006487559787311688
Center Defensive Midfield,0.026139983798942727,0.03362058964092689,0.034152789435656,0.029673771015504877,0.022708834997988696,0.046073085466926816,0.054178321891441936,0.053544528542728016,0.044533520551920905,0.03167761971533059,0.053423541557381736,0.0634721438258693,0.061989962045449584,0.050015240910892274,0.034571798250107415,0.045658113337922954,0.05273116076767887,0.05111812563231862,0.04142040656572699,0.02865429899405056,0.027211206600384938,0.0318071803211332,0.031894464772114696,0.028091094412418638,0.021638216949181617
Center Forward,0.009401076571857361,0.017404166319353234,0.029195858853267143,0.04328195827456172,0.05332592706635432,0.012549512318728088,0.024068588999378596,0.04184334385343648,0.06338319329759895,0.07898986705661962,0.014341787592062569,0.027505241587488797,0.04768763227016105,0.07213705180753517,0.09100259037840178,0.013076346454752658,0.024682730943753013,0.042153588285190655,0.06318382082893205,0.07903173800767868,0.009766598286081798,0.017913254686412566,0.029591091637711595,0.04286100113996851,0.05162203348271242
Left Attacking Midfield,0.007230327892833017,0.012190634671303914,0.019863369732856614,0.02833380774376014,0.031378088863255466,0.013334936196398318,0.022270802212599625,0.03474372104329395,0.046861234519192184,0.05032320391964082,0.020208004584952782,0.032798063245585894,0.04902712140711521,0.0632033898994269,0.0672409678636561,0.024761234592351033,0.03882493237763715,0.05632593080774338,0.07092779066848506,0.07431989646357363,0.023503636678874576,0.036833411239247084,0.05262380702932569,0.06274628746818714,0.060125398878703176
Left Back,0.0027411771712665916,0.002747711506792276,0.0026712820324714215,0.002487755016512434,0.002142112265513004,0.0025183951123767608,0.002549087115024415,0.0025520985594963993,0.002492709319479666,0.002334606166382112,0.0080512165577696,0.008168907803879705,0.007760614346574565,0.007076664063978149,0.006139291037139827,0.0427704789557076,0.04392851846025821,0.04109216412901177,0.03557744678501093,0.028240451761882897,0.15213707064455287,0.1665363743433676,0.16492012368763923,0.14558388076800072,0.11677986238991038
Left Center Back,0.00752805521993377,0.006238221166521442,0.004591664787289619,0.003226640260280412,0.002174326244138741,0.026749389466781143,0.020779516250733397,0.0143486846606277,0.009083138809116325,0.005500235769275662,0.08023360118481511,0.06143010089047312,0.03963448882140347,0.023080881191763884,0.012810557010649759,0.14246938463743247,0.10718926994796212,0.06614343188497997,0.03614153924633486,0.01858095635138995,0.11810686570407976,0.09128025841775159,0.05666239353441301,0.030545810763748876,0.015470587778102727
Left Center Midfield,0.016795825058023645,0.02195105584818658,0.02424404582982353,0.022901714578931004,0.01901956195693107,0.028831646666142213,0.03872156088260709,0.04222206906553103,0.03910838368253094,0.03146555568637471,0.04025508931918107,0.05423407822944997,0.05925519212886126,0.0543670836844844,0.043421928557160185,0.041895323534417724,0.056168907334423895,0.062169717513378554,0.05748864194485092,0.04581219578644939,0.03178755345777281,0.042070371016834626,0.046732751460526474,0.043586425279358416,0.035493321497767336
Left Defensive Midfield,0.020141225508941367,0.02516739598157687,0.026964037439022422,0.024139866697267313,0.019137458961276044,0.03623521325299609,0.04559158926555754,0.04767807259817725,0.04132429624827661,0.03076056705039304,0.047813236427747964,0.06009038984136492,0.062116936295111384,0.0534931237938018,0.038224245961213286,0.04591879571834914,0.057453398698357035,0.05956782924082017,0.05058752397608623,0.03641358224270403,0.031366054435372825,0.03921477167503273,0.040297122329665216,0.034569373510696666,0.025733892850190888
Left Wing,0.007181857140941914,0.011074994122619081,0.01582621294225282,0.02070416279935391,0.023653766012349815,0.009672013729445742,0.015098877261316361,0.021730650951935382,0.02776963489003662,0.030577257399035718,0.015586735926688043,0.02439982124422599,0.03479471949888183,0.043722383912959115,0.04723799007385805,0.02664271390545057,0.041347394266013006,0.057299857790049105,0.07014869084888956,0.07452915001910757,0.040033119075569834,0.05974518884709558,0.08128166526206657,0.09791463837571755,0.10202650370413917
Left Wing Back,0.0018237431826086342,0.0023471816607105876,0.0027191862643195022,0.0027963666356067085,0.002674126342948895,0.003408719523502239,0.004358577223240624,0.005027973222706602,0.00511256366891124,0.004939849675382974,0.008304644866651572,0.010161642254163654,0.011181901853741403,0.010997911000628795,0.010381665477386235,0.03476657887356895,0.03830139618949214,0.03890523026363133,0.03721662031978531,0.03386234717803842,0.12826261069707226,0.15140357525462442,0.1607046032364051,0.15594345080731403,0.13439753432755758
Right Attacking Midfield,0.028138641891684524,0.04144961302784404,0.05263846364715278,0.058234480859967144,0.05653150640401189,0.0281884149401917,0.0431302569164375,0.05678277641271715,0.06405501896157113,0.06234581085618555,0.021954762358536987,0.034953597411001916,0.04790491414609927,0.05528238705572767,0.05442479220492046,0.01698838509438575,0.02715889312429126,0.038544341160490436,0.04735506586009585,0.0484833501529856,0.012699746317751802,0.019001497688395513,0.025199603341788727,0.029205688451742793,0.0293479917140214
Right Back,0.15633371449253775,0.17013267943836238,0.1675733168722118,0.14905844114456995,0.1205030989113316,0.04397052535790639,0.04354232001867401,0.03997406770254594,0.0338596997682484,0.026441924111429385,0.007374123072808337,0.006928741772350031,0.006306280358676728,0.005450842899796885,0.0043852273953498815,0.002125662514713307,0.0019300324358597703,0.0017474999026039514,0.0016712374261524457,0.0014415362650330372,0.002171485849422379,0.0019941786536664427,0.0018557611106029559,0.0017492169535420468,0.0014783855716033396
Right Center Back,0.11846719458421905,0.09408778589081582,0.06134543197924382,0.03497840144190852,0.01864818937207971,0.13994832433763238,0.10608186932429975,0.06698816136680642,0.03772612964414377,0.01997771383433924,0.07832198760204295,0.05893407381722525,0.03795090046088623,0.02251030144505638,0.012863241651101606,0.02527878273041366,0.01934535379453508,0.013012703255776336,0.008246386192932675,0.005153574884129132,0.006636121895401204,0.00533810566773956,0.0038362907735125214,0.002579866210725761,0.0017431078430320641
Right Center Midfield,0.03070410210493063,0.040029168704254124,0.045783826619616566,0.04508599549797372,0.03845718710620093,0.04026295950269133,0.053145640326764984,0.05953366057463526,0.05621208840797153,0.04587766575349326,0.040685397943342645,0.05358166775606483,0.05892777650442114,0.05402803169859902,0.04463913286131063,0.03111296998367197,0.04061190815196909,0.04322414357229979,0.03905151130700543,0.030787140479809457,0.018252607642822286,0.02330569723655756,0.025067155197955795,0.02298293207183836,0.018649632993798498
Right Defensive Midfield,0.027992698273107342,0.036548325483531416,0.03974535154569537,0.037149146312042844,0.030652302419251744,0.043454487054249466,0.05615890281741952,0.058637911387210466,0.0512579792772104,0.038783705745768206,0.04733221793160903,0.06034729738896881,0.06207997552240013,0.05306308611009522,0.038975607804782555,0.03694097749755861,0.04639912187904418,0.04786794176912314,0.041042075535776316,0.030348056652749335,0.020927076477355862,0.02581389033650101,0.026681065014225635,0.023478413158344577,0.01832238660597766
Right Wing,0.03675078076225398,0.05511272080817133,0.07536111925086975,0.09017020764284922,0.09684922783644281,0.02675691852597655,0.04126075554907835,0.05724151700345776,0.06913037639146731,0.07376555766205961,0.01678794234774064,0.02630418210929164,0.03713202198396353,0.0456538114849522,0.04876085590743433,0.01096369622336983,0.01769665010760668,0.024623581329452054,0.030897859272489486,0.03303249931620625,0.008291940985549707,0.013242410221596142,0.018039484055711714,0.022351516660460476,0.023822366561547525
Right Wing Back,0.12591388014694935,0.14752722535796362,0.1579663183285177,0.15349367978647854,0.13953509678211387,0.03306319100204163,0.036672948918284966,0.038492829151537275,0.03761463259076313,0.03418442645655388,0.007386098860764365,0.008597252799533349,0.010060588675188204,0.011244659730881396,0.011307095387855955,0.0035313895785474133,0.004871333441246237,0.006325346660512022,0.007221275850086733,0.006890612345782054,0.0025132269841023065,0.003450114414101355,0.004137931841664086,0.004264193460671508,0.003734651447858158
